X-OTU-ID,D0,D1,D2,D3,D4,D5,D6
d0102b29b6ce8939f310265563e22bf6,Bacteria,Proteobacteria,Gammaproteobacteria,Betaproteobacteriales,Neisseriaceae,Snodgrassella,uncultured beta proteobacterium
2ff15caef6ebb4cc1def65bad07d227c,Bacteria,Proteobacteria,Gammaproteobacteria,Orbales,Orbaceae,Gilliamella,uncultured gamma proteobacterium
240ad7d9312e4b9591df263fbbbf19d0,Bacteria,Firmicutes,Bacilli,Lactobacillales,Lactobacillaceae,Lactobacillus,NA
71461cf21e9a83d1de11a3c432ddb72a,Bacteria,Proteobacteria,Gammaproteobacteria,Orbales,Orbaceae,Gilliamella,NA
b2a001f6c04eed1065b2e3f8237481d4,Bacteria,Proteobacteria,Gammaproteobacteria,Orbales,Orbaceae,Gilliamella,NA
08e048c2f9911e1674d43874b1c67420,Bacteria,Proteobacteria,Alphaproteobacteria,Acetobacterales,Acetobacteraceae,Commensalibacter,Apis mellifera (honey bee)
b63e42a77971ef3b3738e4cff55485f7,Bacteria,Firmicutes,Bacilli,Lactobacillales,Lactobacillaceae,Lactobacillus,Lactobacillus apis
5c8495b8d23f85a365be0017a776d4b8,Bacteria,Actinobacteria,Actinobacteria,Bifidobacteriales,Bifidobacteriaceae,Bifidobacterium,NA
b5e19a79de35a0170cbd8ce540726edc,Bacteria,Firmicutes,Bacilli,Lactobacillales,Lactobacillaceae,Lactobacillus,Lactobacillus kunkeei
435ec6f5768dd5d8402c4b0b891b2481,Bacteria,Firmicutes,Bacilli,Lactobacillales,Lactobacillaceae,Lactobacillus,Lactobacillus apis
d51f56426ad963775a932ca54166dbc1,Bacteria,Firmicutes,Bacilli,Lactobacillales,Lactobacillaceae,Lactobacillus,Lactobacillus helsingborgensis
b62c5d7c064f1765b34f23849892624d,Bacteria,Firmicutes,Bacilli,Lactobacillales,Lactobacillaceae,Lactobacillus,Lactobacillus kullabergensis
e0507a399fbc236fffc28063c9dbe11b,Bacteria,Firmicutes,Bacilli,Lactobacillales,Lactobacillaceae,Lactobacillus,NA
dd2f067657978822aacfb9bfc37d0529,Bacteria,Firmicutes,Bacilli,Lactobacillales,Lactobacillaceae,Lactobacillus,Lactobacillus helsingborgensis
41c5571099c40b69a0ff8ff7a780d7ff,Bacteria,Proteobacteria,Alphaproteobacteria,Acetobacterales,Acetobacteraceae,Bombella,NA
4611228b2874279b2625c9d34059c165,Bacteria,Firmicutes,Bacilli,Lactobacillales,Lactobacillaceae,Lactobacillus,NA
8e57c218b848c7a1a1003f1fbceb8e81,Bacteria,Proteobacteria,Gammaproteobacteria,Orbales,Orbaceae,Gilliamella,NA
ebe48b87d0f5320e99cc215ea687cfe1,Bacteria,Firmicutes,Bacilli,Lactobacillales,Lactobacillaceae,Lactobacillus,NA
89bdeef7ce4dbe845449543ae84e7937,Bacteria,Firmicutes,Bacilli,Lactobacillales,Lactobacillaceae,Lactobacillus,NA
02964898ca318e593d30fe973ac5ca65,Bacteria,Proteobacteria,Gammaproteobacteria,Betaproteobacteriales,Neisseriaceae,Snodgrassella,uncultured beta proteobacterium
39fb6b213d87b6165bdc763958a78864,Bacteria,Proteobacteria,Gammaproteobacteria,Orbales,Orbaceae,Gilliamella,NA
243a85a37bd4d9049f6ccd620706e04f,Bacteria,Firmicutes,Bacilli,Lactobacillales,Leuconostocaceae,Fructobacillus,Fructobacillus fructosus KCTC 3544
ce22e81674be69d65ecd157ccd24b0cc,Bacteria,Actinobacteria,Actinobacteria,Bifidobacteriales,Bifidobacteriaceae,Bifidobacterium,Bifidobacterium asteroides
2a57f280b8c491bfbbca1b087c67879c,Bacteria,Firmicutes,Bacilli,Lactobacillales,Lactobacillaceae,Lactobacillus,Lactobacillus kunkeei
24b2c532776aa782aeec67564f8c43cb,Bacteria,Firmicutes,Bacilli,Lactobacillales,Lactobacillaceae,Lactobacillus,NA
7a6c7667136a3b5397735e05171b55f3,Bacteria,Firmicutes,Bacilli,Lactobacillales,Lactobacillaceae,Lactobacillus,NA
754048ee27c05aadc2868c730d764c6a,Bacteria,Firmicutes,Bacilli,Lactobacillales,Lactobacillaceae,Lactobacillus,NA
d8ccd4bf04a05d4671dd32389b2165ad,Bacteria,Actinobacteria,Actinobacteria,Bifidobacteriales,Bifidobacteriaceae,Bifidobacterium,NA
1699ae6b916de9b0622b3c04b9330e89,Bacteria,Firmicutes,Bacilli,Lactobacillales,Lactobacillaceae,Lactobacillus,NA
d1890cf12c26826da7736415b9de34b1,Bacteria,Firmicutes,Bacilli,Lactobacillales,Lactobacillaceae,Lactobacillus,NA
47e7e48579b15c61ecde30419386b2c2,Bacteria,Proteobacteria,Gammaproteobacteria,Orbales,Orbaceae,Frischella,uncultured gamma proteobacterium
eae21fa67d0118bfd1ee006f9b1a2d3d,Bacteria,Firmicutes,Bacilli,Lactobacillales,Lactobacillaceae,Lactobacillus,NA
37082c34df4bec176780897be5a88f6c,Bacteria,Firmicutes,Bacilli,Lactobacillales,Lactobacillaceae,Lactobacillus,Lactobacillus apis
98a3799ad1bc16a01a72c515ad85aaff,Bacteria,Proteobacteria,Gammaproteobacteria,Betaproteobacteriales,Neisseriaceae,Snodgrassella,NA
8daa578c4e8057271b144da88746ef4c,Bacteria,Proteobacteria,Gammaproteobacteria,Enterobacteriales,Enterobacteriaceae,Cronobacter,uncultured bacterium
41b91f4c474d7b1b3319b1fad04f3348,Bacteria,Firmicutes,Bacilli,Lactobacillales,Lactobacillaceae,Lactobacillus,NA
5ddec365a219879f78bca37841b40296,Bacteria,Firmicutes,Bacilli,Lactobacillales,Lactobacillaceae,Lactobacillus,Lactobacillus apinorum
c55847902c489dbb90b19a3cf300d496,Bacteria,Firmicutes,Bacilli,Lactobacillales,Lactobacillaceae,Lactobacillus,NA
68c2b8b485305b991991788c7d122994,Bacteria,Proteobacteria,Gammaproteobacteria,Orbales,Orbaceae,Frischella,uncultured gamma proteobacterium
fa70d6e7b5147553c073da57e25e1e2c,Bacteria,Firmicutes,Bacilli,Lactobacillales,Lactobacillaceae,Lactobacillus,NA
3bb3549661dec185dee27741f33a194a,Bacteria,Firmicutes,Bacilli,Lactobacillales,Lactobacillaceae,Lactobacillus,Lactobacillus helsingborgensis
e6ce4ccb3193e67a3dff7058d15da793,Bacteria,Firmicutes,Bacilli,Lactobacillales,Lactobacillaceae,Lactobacillus,NA
8cca990840a9bb5dc825036b129be94e,Bacteria,Proteobacteria,Gammaproteobacteria,Betaproteobacteriales,Neisseriaceae,Snodgrassella,uncultured beta proteobacterium
f45f4e0a7d43ceed93e239b1538dc93b,Bacteria,Firmicutes,Bacilli,Lactobacillales,Lactobacillaceae,Lactobacillus,NA
b4e3ad1e3169dc2a6039ca1de9daa560,Bacteria,Proteobacteria,Alphaproteobacteria,Acetobacterales,Acetobacteraceae,Bombella,NA
eb4bc1a24f8292f50674dd13fa53e569,Bacteria,Proteobacteria,Gammaproteobacteria,Orbales,Orbaceae,Frischella,uncultured gamma proteobacterium
0ccb0edd9c657a8f46137730ba0fc1b6,Bacteria,Firmicutes,Bacilli,Lactobacillales,Lactobacillaceae,Lactobacillus,NA
0f305b33ce7c1cb2440f9e7d35a54c97,Bacteria,Firmicutes,Bacilli,Lactobacillales,Lactobacillaceae,Lactobacillus,Lactobacillus helsingborgensis
de46a8a77df20122166d4deae3b6af89,Bacteria,Firmicutes,Bacilli,Lactobacillales,Lactobacillaceae,Lactobacillus,NA
c0d9e4d0cbfb6d3a14fcfde5e3d99882,Bacteria,Firmicutes,Bacilli,Lactobacillales,Lactobacillaceae,Lactobacillus,Lactobacillus sp. G3_4_3CO2
252687405f22d332bc74a329aadbadac,Bacteria,Firmicutes,Bacilli,Lactobacillales,Lactobacillaceae,Lactobacillus,Lactobacillus apis
707fc86a67cce16fcdf983e0c5512e67,Bacteria,Firmicutes,Bacilli,Lactobacillales,Leuconostocaceae,Fructobacillus,Fructobacillus fructosus KCTC 3544
c2e370cdbe76864de750c57fce9f7dd6,Bacteria,Firmicutes,Bacilli,Lactobacillales,Lactobacillaceae,Lactobacillus,Lactobacillus apis
ecdd4d5c1dd697bb8aa5408176818d27,Bacteria,Proteobacteria,Alphaproteobacteria,Rhizobiales,Rhizobiaceae,Bartonella,NA
85512657f693063f434f15ce442a0fe2,Bacteria,Proteobacteria,Gammaproteobacteria,Betaproteobacteriales,Burkholderiaceae,Delftia,NA
2ef10e1aac3da6a56c40bb544db6c959,Bacteria,Firmicutes,Bacilli,Lactobacillales,Lactobacillaceae,Lactobacillus,Lactobacillus kunkeei
bb254389b01cd3c9f7145656b2cf06be,Bacteria,Firmicutes,Bacilli,Lactobacillales,Lactobacillaceae,Lactobacillus,Lactobacillus kunkeei
13359c5809345bcf300baee5a0837c64,Bacteria,Firmicutes,Bacilli,Lactobacillales,Lactobacillaceae,Lactobacillus,Lactobacillus kunkeei
97a09dd9f3900af6864c44bf000b12f5,Bacteria,Firmicutes,Bacilli,Lactobacillales,Lactobacillaceae,Lactobacillus,Lactobacillus kullabergensis
1376aa53e7442a71e94e663708e229e5,Bacteria,Proteobacteria,Gammaproteobacteria,Orbales,Orbaceae,Frischella,uncultured gamma proteobacterium
4979af56462396c86c220109241811b0,Bacteria,Firmicutes,Bacilli,Lactobacillales,Lactobacillaceae,Lactobacillus,Lactobacillus apis
1bc5259c39e088fcd9f6b16f94f83cff,Bacteria,Proteobacteria,Gammaproteobacteria,Orbales,Orbaceae,Frischella,uncultured gamma proteobacterium
92a5209774c3382e29fe451afdc3382d,Bacteria,Firmicutes,Bacilli,Lactobacillales,Lactobacillaceae,Lactobacillus,Lactobacillus helsingborgensis
fd8e23c96f686a1c9962399a71f55ea4,Bacteria,Firmicutes,Bacilli,Lactobacillales,Lactobacillaceae,Lactobacillus,Lactobacillus kullabergensis
bff84564e5bf3471708acec1c046f315,Bacteria,Firmicutes,Bacilli,Lactobacillales,Lactobacillaceae,Lactobacillus,Lactobacillus kullabergensis
f428e96cc07fa587fbafe2fc096d78fa,Bacteria,Proteobacteria,Gammaproteobacteria,Orbales,Orbaceae,Gilliamella,NA
082cecb3e937cb47529c9812a5a6170c,Bacteria,Proteobacteria,Gammaproteobacteria,Enterobacteriales,Enterobacteriaceae,Kosakonia,NA
97589126d9c916712307fa6f4c1f65b1,Bacteria,Firmicutes,Bacilli,Lactobacillales,Lactobacillaceae,Lactobacillus,NA
63925da2e07e0f8756aa720b39347deb,Bacteria,Proteobacteria,Gammaproteobacteria,Enterobacteriales,Enterobacteriaceae,Cronobacter,NA
602eaee8dd5b2d1ae504a10bc7b3fe0a,Bacteria,Firmicutes,Bacilli,Bacillales,Bacillaceae,Anaerobacillus,uncultured bacterium
e3af1ca33f2742b803d80e2d1685a0a8,Bacteria,Proteobacteria,Gammaproteobacteria,Betaproteobacteriales,Neisseriaceae,Snodgrassella,NA
92a5653579b638b23a3b899259a4e896,Bacteria,Firmicutes,Bacilli,Lactobacillales,Lactobacillaceae,Lactobacillus,Lactobacillus kullabergensis
3aa0efea974c2b036fe8f7db8905ed47,Bacteria,Firmicutes,Bacilli,Lactobacillales,Lactobacillaceae,Lactobacillus,NA
2fd0e8a81a58bb6bff6f9010042324ff,Bacteria,Proteobacteria,Gammaproteobacteria,Betaproteobacteriales,Neisseriaceae,Snodgrassella,uncultured beta proteobacterium
fc08a95e65a544c11e2f1e5014ce56d3,Bacteria,Proteobacteria,Gammaproteobacteria,Orbales,Orbaceae,Gilliamella,uncultured gamma proteobacterium
72b7ef67650cb47ff05a15776d6afdc6,Bacteria,Proteobacteria,Gammaproteobacteria,Orbales,Orbaceae,Gilliamella,NA
03c552ebdd8740b1ffa5ecd6c578e6ea,Bacteria,Firmicutes,Bacilli,Lactobacillales,Lactobacillaceae,Lactobacillus,Lactobacillus kunkeei
06c3b97747f2cfbb2f8f9ed5ebf67eac,Bacteria,Firmicutes,Bacilli,Lactobacillales,Lactobacillaceae,Lactobacillus,NA
e32710150f04947c3aec9d9611eca566,Bacteria,Proteobacteria,Gammaproteobacteria,Enterobacteriales,Enterobacteriaceae,NA,NA
b9c47c727302f2595c74a0644063a53a,Bacteria,Firmicutes,Bacilli,Lactobacillales,Lactobacillaceae,Lactobacillus,Lactobacillus kullabergensis
840dbe8025e88da6000aa8174899a682,Bacteria,Proteobacteria,Gammaproteobacteria,Orbales,Orbaceae,Gilliamella,Gilliamella apicola
75ea64447e3d072dcdd39c3daf7e8f66,Bacteria,Proteobacteria,Alphaproteobacteria,Acetobacterales,Acetobacteraceae,Bombella,NA
f0915bcddeaa78e262676777b5f32056,Bacteria,Proteobacteria,Alphaproteobacteria,Rhizobiales,Rhizobiaceae,Ochrobactrum,NA
d0eec319b83abcb87137c96af4ca2426,Bacteria,Firmicutes,Bacilli,Bacillales,Bacillaceae,Anaerobacillus,uncultured bacterium
e41d674a968c62d50056731539b1049a,Bacteria,Firmicutes,Bacilli,Lactobacillales,Lactobacillaceae,Lactobacillus,NA
eb13bd654fa29282d97481e051f1659a,Bacteria,Firmicutes,Bacilli,Lactobacillales,Lactobacillaceae,Lactobacillus,Lactobacillus apis
dc05e5d63159bccee9fcafd0ca8326cc,Bacteria,Proteobacteria,Gammaproteobacteria,Orbales,Orbaceae,Gilliamella,NA
d9d39e09b94c42a4ca57501b6038d2ac,Bacteria,Proteobacteria,Gammaproteobacteria,Enterobacteriales,Enterobacteriaceae,Kosakonia,NA
3f27fe0a940ac1fce4ef3daa6cf8443d,Bacteria,Firmicutes,Bacilli,Lactobacillales,Lactobacillaceae,Lactobacillus,NA
83b43474492b25f0d309b36bc220500e,Bacteria,Firmicutes,Bacilli,Bacillales,Bacillaceae,Anaerobacillus,uncultured bacterium
3b714ace7dcc7eae4679182c172da623,Bacteria,Firmicutes,Bacilli,Lactobacillales,Leuconostocaceae,Fructobacillus,Fructobacillus fructosus KCTC 3544
b3305d116a814c0054d71a0003e47f81,Bacteria,Firmicutes,Bacilli,Lactobacillales,Lactobacillaceae,Lactobacillus,Lactobacillus kullabergensis
16367e8ce8d1b80c3f6c6225484f1648,Bacteria,Firmicutes,Bacilli,Lactobacillales,Lactobacillaceae,Lactobacillus,Lactobacillus apis
aafa13dbc38301df7b54dc687b9ca93a,Bacteria,Firmicutes,Bacilli,Lactobacillales,Lactobacillaceae,Lactobacillus,NA
423c2793c04015fca3be4f89208d87a8,Bacteria,Proteobacteria,Gammaproteobacteria,Enterobacteriales,Enterobacteriaceae,Serratia,Serratia symbiotica
de7d7acfbf1f068c5a3d2de747ab293f,Bacteria,Proteobacteria,Gammaproteobacteria,Orbales,Orbaceae,Frischella,NA
7a5141df6bf21781ceeec3bc4a6aecff,Bacteria,Firmicutes,Bacilli,Lactobacillales,Lactobacillaceae,Lactobacillus,NA
390b74783963516fc3186998246dbf4d,Bacteria,Proteobacteria,Gammaproteobacteria,Orbales,Orbaceae,Gilliamella,NA
8311491d1b4ddeb656267bee47d53d2a,Bacteria,Proteobacteria,Gammaproteobacteria,Betaproteobacteriales,Burkholderiaceae,Curvibacter,Curvibacter gracilis
5362ff4cb5abd4bd1d8825224b7b05ae,Bacteria,Proteobacteria,Gammaproteobacteria,Enterobacteriales,Enterobacteriaceae,Enterobacter,NA
36f76b256771d8dfb36971a5fc6896ff,Bacteria,Proteobacteria,Alphaproteobacteria,Rhodobacterales,Rhodobacteraceae,HIMB11,NA
3e8bc65da4deea972adae489fda024d8,Bacteria,Proteobacteria,Gammaproteobacteria,Enterobacteriales,Enterobacteriaceae,Klebsiella,NA
8a41342db40d098a2c02b8741bb4806c,Bacteria,Firmicutes,Bacilli,Lactobacillales,Lactobacillaceae,Lactobacillus,Lactobacillus kullabergensis
74f8498cef484426009ac79dbf1902bd,Bacteria,Firmicutes,Bacilli,Lactobacillales,Lactobacillaceae,Lactobacillus,Lactobacillus apis
9f1c427805f1b81e0ef8c5d244859b48,Bacteria,Firmicutes,Bacilli,Bacillales,Bacillaceae,Bacillus,Bacillus pseudofirmus
10b89d9a2b71ef7a8de0d98e37f111ad,Bacteria,Proteobacteria,Gammaproteobacteria,Alteromonadales,Psychromonadaceae,Psychromonas,uncultured proteobacterium
6b717b489379a176d4e6ccc31d5a7b49,Bacteria,Proteobacteria,Alphaproteobacteria,Sphingomonadales,Sphingomonadaceae,Sphingomonas,NA
f580080611cc499766761501510bc175,Bacteria,Firmicutes,Bacilli,Lactobacillales,Lactobacillaceae,Lactobacillus,NA
ea92b66eadfda08ae58787276ed697b6,Bacteria,Proteobacteria,Gammaproteobacteria,Orbales,Orbaceae,Frischella,uncultured gamma proteobacterium
7caa661b91d3a5bba55732d747287c22,Bacteria,Proteobacteria,Gammaproteobacteria,Orbales,Orbaceae,Gilliamella,NA
8a462cf114d2b5994b4ca379e3bca433,Bacteria,Cyanobacteria,Oxyphotobacteria,Chloroplast,Aureococcus anophagefferens,Aureococcus anophagefferens,Aureococcus anophagefferens
9c9a91018a2fa7b394a2980d69481c2e,Bacteria,Firmicutes,Bacilli,Lactobacillales,Lactobacillaceae,Lactobacillus,Lactobacillus helsingborgensis
ad50d49ace74817d6b2d316704deecf7,Bacteria,Bacteroidetes,Bacteroidia,Flavobacteriales,Cryomorphaceae,uncultured,uncultured marine microorganism
13a9934a0382a34fbdb6c5b309d4d074,Bacteria,Proteobacteria,Gammaproteobacteria,Xanthomonadales,Xanthomonadaceae,Stenotrophomonas,NA
7ae571bbf6efe238e318e1e3a3d6cb78,Bacteria,Firmicutes,Bacilli,Lactobacillales,Lactobacillaceae,Lactobacillus,Lactobacillus kunkeei
49ded3f6074b401b5870f66428f48b03,Bacteria,Proteobacteria,Gammaproteobacteria,Orbales,Orbaceae,Gilliamella,NA
d485e3f17b7c810ccbd48a39b733e3d7,Bacteria,Proteobacteria,Gammaproteobacteria,Betaproteobacteriales,Burkholderiaceae,Ralstonia,NA
f4a8ac575133685abffaca1625751bad,Bacteria,Firmicutes,Bacilli,Bacillales,Bacillaceae,Anaerobacillus,uncultured bacterium
abfeb7be4c944d6e9f351b0497fb97ff,Bacteria,Proteobacteria,Gammaproteobacteria,Betaproteobacteriales,Neisseriaceae,Snodgrassella,NA
16bb51c38970a932135df882442e72fd,Bacteria,Firmicutes,Bacilli,Bacillales,Bacillaceae,Bacillus,NA
b3d7562614804655a1176b3126e4a5a2,Bacteria,Bacteroidetes,Bacteroidia,Flavobacteriales,Flavobacteriaceae,NS5 marine group,uncultured Flavobacteriaceae bacterium
b3b10d27240717cfdd23214beefb203a,Bacteria,Firmicutes,Bacilli,Bacillales,Bacillaceae,Anaerobacillus,NA
04f55d2e8791d1c1050157c0c7d317ca,Bacteria,Proteobacteria,Gammaproteobacteria,Enterobacteriales,Enterobacteriaceae,NA,NA
0a32721c68f1ecd7342ed65d7928a8f8,Bacteria,Firmicutes,Bacilli,Bacillales,Planococcaceae,Sporosarcina,Sporosarcina ginsengisoli
92e1266f127839eb835571cfce1d5da8,Bacteria,Firmicutes,Bacilli,Bacillales,Bacillaceae,Anaerobacillus,NA
ba21ee9e3681ca0dbfaffce4819cb5b9,Bacteria,Proteobacteria,Gammaproteobacteria,Orbales,Orbaceae,Gilliamella,NA
e7c5bed0bdc1b117cfc335bbe871411b,Bacteria,Proteobacteria,Gammaproteobacteria,Betaproteobacteriales,Neisseriaceae,Snodgrassella,uncultured beta proteobacterium
93091a3598ba288889cd2e231419b78a,Bacteria,Cyanobacteria,Oxyphotobacteria,Synechococcales,Cyanobiaceae,Synechococcus CC9902,NA
418100560c423c64e044d2343af744a7,Bacteria,Firmicutes,Bacilli,Lactobacillales,Lactobacillaceae,Lactobacillus,NA
e2b29c444573bf7a68c0c587d5921bf3,Bacteria,Proteobacteria,Gammaproteobacteria,Betaproteobacteriales,Neisseriaceae,Snodgrassella,uncultured beta proteobacterium
4da8d597212e9f114ddfa51d77f5955e,Bacteria,Firmicutes,Bacilli,Lactobacillales,Lactobacillaceae,Lactobacillus,NA
77ecf4e288aa6a072d0eb4bb717ef0f7,Bacteria,Cyanobacteria,Oxyphotobacteria,Chloroplast,NA,NA,NA
678ab53332aef81d07777809ff7996b8,Bacteria,Proteobacteria,Gammaproteobacteria,Betaproteobacteriales,Neisseriaceae,Snodgrassella,uncultured beta proteobacterium
ade389d9a661ca67f570e7748576b7e7,Bacteria,Firmicutes,Bacilli,Lactobacillales,Lactobacillaceae,Lactobacillus,NA
9bba51de02a5ece0c287778023b71410,Bacteria,Proteobacteria,Gammaproteobacteria,Orbales,Orbaceae,Gilliamella,NA
f4f0a9a4efeb8240be7c25f0de92304a,Bacteria,Bacteroidetes,Bacteroidia,Flavobacteriales,Cryomorphaceae,uncultured,uncultured marine microorganism
96ae8d1ba07060e8b0462daa2f5cf585,Bacteria,Proteobacteria,Alphaproteobacteria,Acetobacterales,Acetobacteraceae,Bombella,NA
2ea8fcab253a611dce520a113e203332,Bacteria,Proteobacteria,Gammaproteobacteria,Orbales,Orbaceae,Gilliamella,NA
2ad73529b5b56f15233fe9071f9076bd,Bacteria,Proteobacteria,Gammaproteobacteria,Betaproteobacteriales,Neisseriaceae,Snodgrassella,NA
1610f246d14c1eb8f9083711239fb836,Bacteria,Firmicutes,Bacilli,Lactobacillales,Lactobacillaceae,Lactobacillus,NA
c860cecce5fe44cbc6d1c6e343b26a6a,Bacteria,Cyanobacteria,Oxyphotobacteria,Synechococcales,Cyanobiaceae,Synechococcus CC9902,NA
7c8563ef55fec17ff22940b17fbfa04e,Bacteria,Proteobacteria,Alphaproteobacteria,Rhizobiales,Rhizobiaceae,Mesorhizobium,NA
19567bfe129e1cde877e7aa83fe7def5,Bacteria,Proteobacteria,Gammaproteobacteria,Orbales,Orbaceae,Gilliamella,NA
34b813c559ee2e9f0d337762536031db,Bacteria,Proteobacteria,Gammaproteobacteria,Betaproteobacteriales,Neisseriaceae,Snodgrassella,NA
a2dc6d61c32ba8a22c48137835951e59,Bacteria,Firmicutes,Bacilli,Lactobacillales,Lactobacillaceae,Lactobacillus,NA
3e58eab9c0b783230cac3f1f1c56e83b,Bacteria,Proteobacteria,Gammaproteobacteria,Orbales,Orbaceae,Gilliamella,NA
4278ddf7bffbf7570bdf6e2ae603bc88,Bacteria,Proteobacteria,Gammaproteobacteria,Betaproteobacteriales,Burkholderiaceae,Herbaspirillum,NA
7241fb9edb85e95a9135a3b556c24b1c,Bacteria,Proteobacteria,Gammaproteobacteria,Betaproteobacteriales,Neisseriaceae,Snodgrassella,uncultured beta proteobacterium
3050092af8fbeaa57a671556a67d9101,Bacteria,Proteobacteria,Gammaproteobacteria,Orbales,Orbaceae,Gilliamella,NA
2499727f2cad4d07cd22d61f31fd5407,Bacteria,Proteobacteria,Gammaproteobacteria,Betaproteobacteriales,Neisseriaceae,Snodgrassella,uncultured beta proteobacterium
9f76a8c838be7b61af62a2fcd1524363,Bacteria,Proteobacteria,Gammaproteobacteria,Betaproteobacteriales,Neisseriaceae,Snodgrassella,uncultured beta proteobacterium
823a0e123d1736ae2f9d46880f33c61b,Bacteria,Firmicutes,Bacilli,Lactobacillales,Lactobacillaceae,Lactobacillus,Lactobacillus helsingborgensis
19efab7c7705316fa10ff6252679febe,Bacteria,Proteobacteria,Gammaproteobacteria,Orbales,Orbaceae,Gilliamella,NA
e644ee80ac220e0a43fd1736137ca6dd,Bacteria,Proteobacteria,Gammaproteobacteria,Betaproteobacteriales,Neisseriaceae,Snodgrassella,uncultured beta proteobacterium
ff7031b5f641600fb8bee8bf6460d1c3,Bacteria,Proteobacteria,Gammaproteobacteria,Orbales,Orbaceae,Gilliamella,NA
67d624a17e9db316a2fce8007eb2c19c,Bacteria,Proteobacteria,Gammaproteobacteria,Betaproteobacteriales,Neisseriaceae,Snodgrassella,uncultured beta proteobacterium
84318daf141af9eda29611b161ccdd70,Bacteria,Firmicutes,Bacilli,Lactobacillales,Lactobacillaceae,Lactobacillus,NA
903b4671d3fb08bb422667102473d39d,Bacteria,Firmicutes,Bacilli,Lactobacillales,Lactobacillaceae,Lactobacillus,NA
a5333777f4f9c4216aa56e6446f2a58b,Bacteria,Proteobacteria,Alphaproteobacteria,Acetobacterales,Acetobacteraceae,Bombella,NA
0e97ea7bf1d041179103af7fb694b0a9,Bacteria,Proteobacteria,Gammaproteobacteria,Orbales,Orbaceae,Gilliamella,uncultured gamma proteobacterium
7eef4cbea96cae8a45c33706914d837b,Bacteria,Proteobacteria,Gammaproteobacteria,Enterobacteriales,Enterobacteriaceae,NA,NA
8304a0e22accd08669a86e0cdb9af16a,Bacteria,Firmicutes,Bacilli,Lactobacillales,Lactobacillaceae,Lactobacillus,Lactobacillus apis
8ea2fdbd18dd1651dcaf06426f044016,Bacteria,Proteobacteria,Gammaproteobacteria,Betaproteobacteriales,Neisseriaceae,Snodgrassella,uncultured beta proteobacterium
44afcea29259e514b8691347b7fed649,Bacteria,Proteobacteria,Gammaproteobacteria,Pseudomonadales,Moraxellaceae,Enhydrobacter,NA
12ded383d1d5f98dc210039bb5333a88,Bacteria,Firmicutes,Bacilli,Lactobacillales,Lactobacillaceae,Lactobacillus,Lactobacillus helsingborgensis
b84bf86715b9237dd930156f4aa93874,Bacteria,Proteobacteria,Gammaproteobacteria,Orbales,Orbaceae,Gilliamella,NA
b791cd08a49a545bfd3da33ea22687b2,Bacteria,Proteobacteria,Gammaproteobacteria,Betaproteobacteriales,Neisseriaceae,Snodgrassella,uncultured beta proteobacterium
6a98fba7c8d0ac725e48316233c8d69d,Bacteria,Actinobacteria,Actinobacteria,Bifidobacteriales,Bifidobacteriaceae,Bifidobacterium,NA
8ffaad2907aaca57f506210b06a2366f,Bacteria,Proteobacteria,Gammaproteobacteria,Orbales,Orbaceae,Gilliamella,uncultured gamma proteobacterium
0bfcaead7e2feed89e178e9638b898ea,Bacteria,Proteobacteria,Gammaproteobacteria,Betaproteobacteriales,Neisseriaceae,Snodgrassella,uncultured beta proteobacterium
e7b2f370feb9a0c6d68f7718537da758,Bacteria,Proteobacteria,Alphaproteobacteria,Rhizobiales,Rhizobiaceae,Ochrobactrum,NA
9664fe808d84ac98853b2e7adc9a8547,Bacteria,Proteobacteria,Gammaproteobacteria,Cellvibrionales,Halieaceae,OM60(NOR5) clade,uncultured Haliea sp.
dd67d9c185ce3eafb2f2df38b751b01b,Bacteria,Firmicutes,Bacilli,Lactobacillales,Leuconostocaceae,Fructobacillus,Fructobacillus fructosus KCTC 3544
ae0fc73174f619b325a32e98b6e82227,Bacteria,Firmicutes,Bacilli,Lactobacillales,Lactobacillaceae,Lactobacillus,Lactobacillus apinorum
3e697b7df44b03d0141867f977556cc5,Bacteria,Actinobacteria,Actinobacteria,Micrococcales,Microbacteriaceae,Microbacterium,NA
fd76e5ec39baf175377aff84064d3a46,Bacteria,Proteobacteria,Gammaproteobacteria,Betaproteobacteriales,Neisseriaceae,Snodgrassella,uncultured beta proteobacterium
5c3309671dae3513c727c7812550cbaa,Bacteria,Proteobacteria,Gammaproteobacteria,Betaproteobacteriales,Neisseriaceae,Snodgrassella,uncultured beta proteobacterium
f42bc0fec739e73ed6b9db6ad2cf8dcd,Bacteria,Proteobacteria,Gammaproteobacteria,Orbales,Orbaceae,Gilliamella,uncultured gamma proteobacterium
2f05c7da86c538ab471f1db4a0244a7d,Bacteria,Proteobacteria,Gammaproteobacteria,Betaproteobacteriales,Neisseriaceae,Snodgrassella,uncultured beta proteobacterium
42655c29f8398f6cd18d034aa858c048,Bacteria,Bacteroidetes,Bacteroidia,Flavobacteriales,Flavobacteriaceae,NS5 marine group,uncultured Flavobacteriaceae bacterium
c5614ba083f98fe2c82c65d678db4bf6,Bacteria,Proteobacteria,Alphaproteobacteria,Acetobacterales,Acetobacteraceae,Commensalibacter,NA
5867594963192630300bb64d6716741e,Bacteria,Proteobacteria,Gammaproteobacteria,Enterobacteriales,Enterobacteriaceae,Enterobacter,NA
65ddf30dec82ad37df3923042d536048,Bacteria,Proteobacteria,Gammaproteobacteria,Pseudomonadales,Pseudomonadaceae,Pseudomonas,NA
de297fff080d813a0321cd2cb1d3edba,Bacteria,Firmicutes,Bacilli,Lactobacillales,Lactobacillaceae,Lactobacillus,uncultured Firmicutes bacterium
b641f0fc5f43ff8f61a5f6532d395ae3,Bacteria,Proteobacteria,Gammaproteobacteria,Enterobacteriales,Enterobacteriaceae,Enterobacter,Klebsiella sp. SL001I
802d023aa4d2f528fe005648f1b479c8,Bacteria,Proteobacteria,Gammaproteobacteria,Enterobacteriales,Enterobacteriaceae,NA,NA
1c30731601596b826bc074f712287bb3,Bacteria,Bacteroidetes,Bacteroidia,Flavobacteriales,Weeksellaceae,Apibacter,uncultured Bacteroidetes bacterium
2563487ce7e0edf51ce53599b1985abd,Bacteria,Proteobacteria,Gammaproteobacteria,Orbales,Orbaceae,Gilliamella,NA
ccf139c01c59a0280503d33f8a8af247,Bacteria,Proteobacteria,Gammaproteobacteria,Enterobacteriales,Enterobacteriaceae,NA,NA
82d364a5bc08124f0329beefdf91ddfb,Bacteria,Proteobacteria,Gammaproteobacteria,Betaproteobacteriales,Burkholderiaceae,Herbaspirillum,Herbaspirillum huttiense subsp. huttiense
c07c0a44b5ddaa3c76288fa14a441b1e,Bacteria,Marinimicrobia (SAR406 clade),marine metagenome,marine metagenome,marine metagenome,marine metagenome,marine metagenome
ddf8457b5b842938056b41ff9400ef12,Bacteria,Proteobacteria,Gammaproteobacteria,Enterobacteriales,Enterobacteriaceae,Serratia,NA
27061d8fdb7b0b60dc24902fd0a0a4f8,Bacteria,Firmicutes,Bacilli,Lactobacillales,Lactobacillaceae,Lactobacillus,NA
726e6a86d594609e4af1ac3a5b7b3199,Bacteria,NA,NA,NA,NA,NA,NA
7301e574dd4d5cec5deac19429020ffb,Bacteria,Proteobacteria,Gammaproteobacteria,Enterobacteriales,Enterobacteriaceae,NA,NA
fe678286160accbf53943ac0f1884635,Bacteria,Cyanobacteria,Oxyphotobacteria,Chloroplast,NA,NA,NA
45d0c2bbb81eaa2cdaf9efb7a1aa4a30,Bacteria,Proteobacteria,Alphaproteobacteria,Rhizobiales,Devosiaceae,Devosia,NA
a0dfa08d035e805799216252ed4d26d3,Bacteria,Proteobacteria,Gammaproteobacteria,Enterobacteriales,Enterobacteriaceae,Pantoea,NA
42d293f1b097bfdbe10b280f51fe0080,Bacteria,Firmicutes,Bacilli,Lactobacillales,Leuconostocaceae,Fructobacillus,Fructobacillus fructosus KCTC 3544
e137333a77f2f32f2bd2494d596a7776,Bacteria,Proteobacteria,Gammaproteobacteria,Enterobacteriales,Enterobacteriaceae,NA,NA
1926fdbb518104966361f8ec3378f5e8,Bacteria,Proteobacteria,Gammaproteobacteria,Orbales,Orbaceae,Gilliamella,NA
ac8ae0ca7ebd7d689e73858f08cea8cb,Bacteria,Firmicutes,Bacilli,Bacillales,Bacillaceae,Anaerobacillus,uncultured bacterium
1f45417329a058f2d0a3c8aa235ed672,Bacteria,Proteobacteria,Alphaproteobacteria,Rhodovibrionales,Kiloniellaceae,Kiloniella,Kiloniella laminariae
78978ceaea6f8fd9f3170116cf4ff40e,Bacteria,Proteobacteria,Alphaproteobacteria,SAR11 clade,Clade I,Clade Ia,NA
658715735955c74c86d8975514984af5,Bacteria,Proteobacteria,Gammaproteobacteria,Ectothiorhodospirales,Ectothiorhodospiraceae,uncultured,uncultured marine bacterium
1424176dd043c7666387efc4c9ed71e7,Bacteria,Proteobacteria,Gammaproteobacteria,Enterobacteriales,Enterobacteriaceae,NA,NA
ea099914a1d5e77595027b349a5ede8e,Bacteria,Proteobacteria,Gammaproteobacteria,Orbales,Orbaceae,Gilliamella,NA
17e4e588b1dd979419255130e465dd62,Bacteria,Proteobacteria,Gammaproteobacteria,Enterobacteriales,Enterobacteriaceae,Enterobacter,NA
33422f4c3c1defd3a80b182e1a0c6327,Bacteria,Proteobacteria,Gammaproteobacteria,Xanthomonadales,Xanthomonadaceae,Stenotrophomonas,NA
ebafe846c6880fa01c3c2aa444b0ecf3,Bacteria,Firmicutes,Bacilli,Lactobacillales,Streptococcaceae,Streptococcus,Streptococcus sanguinis
547c364f4c6432fd6648bb3237e0decf,Bacteria,Proteobacteria,Alphaproteobacteria,Rhizobiales,Rhizobiaceae,Allorhizobium-Neorhizobium-Pararhizobium-Rhizobium,NA
4aa19b06af442ed998abf7be0748c439,Bacteria,Bacteroidetes,Bacteroidia,Flavobacteriales,Cryomorphaceae,uncultured,uncultured marine microorganism
8f0779a53115bf92bc9db258a24a6e8c,Bacteria,Proteobacteria,Gammaproteobacteria,Betaproteobacteriales,Burkholderiaceae,Burkholderia-Caballeronia-Paraburkholderia,NA
07b2f3feba70fc942059a134fe5b0278,Bacteria,Proteobacteria,Alphaproteobacteria,Sphingomonadales,Sphingomonadaceae,Sphingomonas,NA
79926992a48dfcb0a2a2a1d86fe23e17,Bacteria,Firmicutes,Bacilli,Bacillales,Bacillaceae,Anaerobacillus,uncultured bacterium
34907a60c05d0cfe6eb204ca91140d9c,Bacteria,Proteobacteria,Alphaproteobacteria,Sphingomonadales,Sphingomonadaceae,Sphingomonas,NA
91c0cc0de856301ce53adb09b5727b4f,Bacteria,Proteobacteria,Alphaproteobacteria,SAR11 clade,Clade IV,uncultured bacterium,uncultured bacterium
fe0f40e64146b3e4d5bdfe3ee2cb9759,Bacteria,Firmicutes,Bacilli,Lactobacillales,Lactobacillaceae,Lactobacillus,NA
5c251260341a6be50bd891bba7061523,Bacteria,Proteobacteria,Gammaproteobacteria,Betaproteobacteriales,Neisseriaceae,Snodgrassella,uncultured beta proteobacterium
91cada6bd81c452585f50320da8a93be,Bacteria,Firmicutes,Bacilli,Lactobacillales,Lactobacillaceae,Lactobacillus,NA
782dc3982ffdd9edb49378b381992c6b,Bacteria,Firmicutes,Bacilli,Lactobacillales,Lactobacillaceae,Lactobacillus,NA
b44867dfbe41297c3c470d5e2a2c4c6e,Bacteria,Proteobacteria,Gammaproteobacteria,Betaproteobacteriales,Burkholderiaceae,Ralstonia,NA
83bbbcf1549bc36edb00c99ef3a26d39,Bacteria,Proteobacteria,Alphaproteobacteria,Rhodobacterales,Rhodobacteraceae,HIMB11,NA
25c27a98a8dfd7040b51636442211d48,Bacteria,Patescibacteria,Gracilibacteria,uncultured bacterium,uncultured bacterium,uncultured bacterium,uncultured bacterium
fd82b8b21ce0f5af4af719a82abdccff,Bacteria,Proteobacteria,Gammaproteobacteria,Oceanospirillales,Halomonadaceae,Halomonas,NA
175f940a4ab20d5b63688e4caab95688,Bacteria,Cyanobacteria,Oxyphotobacteria,Chloroplast,Prasinoderma coloniale,Prasinoderma coloniale,Prasinoderma coloniale
05910caad448570d565ef0375606393e,Bacteria,NA,NA,NA,NA,NA,NA
d4c3f9836702c132279dc007f42ef211,Bacteria,Proteobacteria,Gammaproteobacteria,Orbales,Orbaceae,Gilliamella,NA
279de9eec3b0115dff521e49e3208403,Bacteria,Bacteroidetes,Bacteroidia,Flavobacteriales,Cryomorphaceae,uncultured,NA
d96eb2b7c50b2f8ab2ad0a185fb42821,Bacteria,Proteobacteria,Gammaproteobacteria,Enterobacteriales,Enterobacteriaceae,NA,NA
9ca8c0a019bf1caae502e764010bc295,Bacteria,Proteobacteria,Gammaproteobacteria,Betaproteobacteriales,Neisseriaceae,Snodgrassella,uncultured beta proteobacterium
82eb311522bac6f50e7385e3b0adf779,Bacteria,Firmicutes,Bacilli,Bacillales,Staphylococcaceae,Staphylococcus,NA
d95a6b746514d48d8337f41e56ebc691,Bacteria,Proteobacteria,Gammaproteobacteria,Cellvibrionales,Halieaceae,OM60(NOR5) clade,uncultured marine microorganism
c8aca13f158291058256868ed3f2fd64,Bacteria,Firmicutes,Clostridia,Clostridiales,Lachnospiraceae,Tyzzerella 3,NA
1397729372dbc87128e15dd4c4784c60,Bacteria,NA,NA,NA,NA,NA,NA
e2c8501432b5aa6e0c198fc82d832d9c,Bacteria,Proteobacteria,Alphaproteobacteria,Caulobacterales,Caulobacteraceae,Brevundimonas,NA
3247d84ebe3ae42723f36df69855e04e,Bacteria,Cyanobacteria,Oxyphotobacteria,Synechococcales,Cyanobiaceae,Prochlorococcus MIT9313,NA
60faf95a1e3fd57566343a2350bf3424,Bacteria,Proteobacteria,Gammaproteobacteria,Orbales,Orbaceae,Gilliamella,NA
393403d99398a082e226d9bd4a4560f9,Bacteria,Proteobacteria,Gammaproteobacteria,Enterobacteriales,Enterobacteriaceae,Citrobacter,NA
a19505457e5b1100a6ca6a8363a700f3,Bacteria,Proteobacteria,Gammaproteobacteria,Orbales,Orbaceae,Gilliamella,NA
44aa014a2940f29fee889295dffc43f4,Bacteria,Proteobacteria,Gammaproteobacteria,Betaproteobacteriales,Neisseriaceae,Snodgrassella,uncultured beta proteobacterium
16eda9ccd0c7e97756710faac224a86b,Bacteria,Firmicutes,Bacilli,Lactobacillales,Lactobacillaceae,Lactobacillus,NA
e73b5ebe6e6a6bb3592942a588e8d548,Bacteria,Proteobacteria,Alphaproteobacteria,Rhodobacterales,Rhodobacteraceae,HIMB11,NA
1bc58bc2a1e379955166d98c9369f533,Bacteria,Proteobacteria,Alphaproteobacteria,Rhodospirillales,AEGEAN-169 marine group,uncultured bacterium,uncultured bacterium
562ab642283fe660f34a3d5a7dbdf7c1,Bacteria,Firmicutes,Bacilli,Bacillales,Bacillaceae,Bacillus,NA
36182badcd3566da44e793a37960a6c1,Bacteria,Cyanobacteria,Oxyphotobacteria,Chloroplast,NA,NA,NA
5251c52e678125347c5e7e2ed1711df0,Bacteria,Proteobacteria,Gammaproteobacteria,Enterobacteriales,Enterobacteriaceae,NA,NA
2f55065a02991d912c00839e7b89c010,Bacteria,Proteobacteria,Alphaproteobacteria,Rhizobiales,Rhizobiaceae,Phyllobacterium,NA
32cc96028d1b449ddf9d29cab47466b0,Bacteria,Firmicutes,Bacilli,Lactobacillales,Lactobacillaceae,Lactobacillus,NA
2eb858c35985695f5debea348493f65d,Bacteria,Firmicutes,Bacilli,Lactobacillales,Lactobacillaceae,Lactobacillus,Lactobacillus helsingborgensis
be4888aa1503dd3847aec9539771b3f2,Bacteria,Proteobacteria,Gammaproteobacteria,Orbales,Orbaceae,Gilliamella,NA
f342a395a647967e471e9d7f0c0a5584,Bacteria,Proteobacteria,Gammaproteobacteria,SAR86 clade,uncultured bacterium,uncultured bacterium,uncultured bacterium
3d97be595d024c80f8fa449a9ebeca4a,Bacteria,Actinobacteria,Actinobacteria,Corynebacteriales,Nocardiaceae,Rhodococcus,Rhodococcus erythropolis
9de34d5d47f083fe11ed6924b88acbc7,Bacteria,Proteobacteria,Alphaproteobacteria,Caulobacterales,Caulobacteraceae,uncultured,NA
458b51bf254869ed8e1b7c64b9f6a800,Bacteria,Proteobacteria,Gammaproteobacteria,Betaproteobacteriales,Burkholderiaceae,Aquabacterium,NA
052632a794b3407bef46a17213852169,Bacteria,Proteobacteria,Gammaproteobacteria,Orbales,Orbaceae,Gilliamella,NA
9e25b1cca2bf0d32cfeaf6e4ca6117b3,Bacteria,Proteobacteria,Gammaproteobacteria,Orbales,Orbaceae,Gilliamella,NA
047af6d93d66c81b03ba11adaa1a0938,Bacteria,Proteobacteria,Gammaproteobacteria,Enterobacteriales,Enterobacteriaceae,Serratia,NA
7d457bea9e5d4ec9e014ec77b517e957,Bacteria,Proteobacteria,Gammaproteobacteria,Oceanospirillales,Halomonadaceae,Halomonas,NA
a6fb049a128211305653cf7a5b48a61b,Bacteria,Firmicutes,Bacilli,Lactobacillales,Lactobacillaceae,Lactobacillus,NA
ea11134d769c027b484e3031c845298b,Bacteria,Proteobacteria,Gammaproteobacteria,Oceanospirillales,Litoricolaceae,Litoricola,uncultured gamma proteobacterium CHAB-V-35
7c835ef4a674aa03a979faf00a3be0e3,Bacteria,Actinobacteria,Actinobacteria,Bifidobacteriales,Bifidobacteriaceae,Bifidobacterium,NA
6a627d7f6660b99ed83161c313c5c765,Bacteria,NA,NA,NA,NA,NA,NA
56278b9712f2c3f8a69db14c99f7ab5a,Bacteria,Firmicutes,Bacilli,Lactobacillales,Lactobacillaceae,Lactobacillus,Lactobacillus helsingborgensis
57f1cfdb7802ec14f51ce6519c9b5103,Bacteria,Proteobacteria,Alphaproteobacteria,SAR11 clade,Clade I,Clade Ia,NA
4d7499dd610c5ae8611ca040ff41cd6e,Bacteria,Actinobacteria,Actinobacteria,Micrococcales,Dermacoccaceae,Dermacoccus,NA
af900fa3da54dff22c14c668cd4cbeb1,Bacteria,Cyanobacteria,Oxyphotobacteria,Synechococcales,Cyanobiaceae,Synechococcus CC9902,NA
e3c8e489e9fab2ca32985e83b845354b,Bacteria,Firmicutes,Bacilli,Lactobacillales,Lactobacillaceae,Lactobacillus,Lactobacillus mellis
a2c94be87e0fcaf24e78808450500c76,Bacteria,Proteobacteria,Gammaproteobacteria,Betaproteobacteriales,Burkholderiaceae,Janthinobacterium,NA
6caff0e59c1fa1065afb2fbec4d38e5d,Bacteria,Firmicutes,Bacilli,Bacillales,Staphylococcaceae,Staphylococcus,NA
dcf7702d367a9266b79b70772173869c,Bacteria,Proteobacteria,Alphaproteobacteria,Acetobacterales,Acetobacteraceae,Commensalibacter,Apis mellifera (honey bee)
bb3f546489f38a6501b3d02e07e893b6,Bacteria,Proteobacteria,Gammaproteobacteria,Enterobacteriales,Enterobacteriaceae,NA,NA
d37e92559cb305380841effcb37b7e66,Bacteria,Proteobacteria,Gammaproteobacteria,Betaproteobacteriales,Neisseriaceae,Snodgrassella,uncultured beta proteobacterium
a7ec8530e544b17188e330b6dda8cd34,Bacteria,Firmicutes,Bacilli,Lactobacillales,Lactobacillaceae,Lactobacillus,NA
07da7da2ff49fc288cb67f4087ed282c,Bacteria,Proteobacteria,Gammaproteobacteria,Enterobacteriales,Enterobacteriaceae,NA,NA
d4053946f49dcd21fe91d094a96451f3,Bacteria,Proteobacteria,Alphaproteobacteria,Rickettsiales,Mitochondria,NA,NA
582286e933b39327005b42d1f1b90f09,Bacteria,Proteobacteria,Alphaproteobacteria,Sphingomonadales,Sphingomonadaceae,Novosphingobium,NA
e2d9bbb1cb922be4657e1bc16d3ad6e7,Bacteria,Proteobacteria,Alphaproteobacteria,Rhizobiales,Beijerinckiaceae,Methylobacterium,NA
5c2cd658ba0719ab97e2e4573ff3b30d,Bacteria,Marinimicrobia (SAR406 clade),uncultured bacterium 405006-B04,uncultured bacterium 405006-B04,uncultured bacterium 405006-B04,uncultured bacterium 405006-B04,uncultured bacterium 405006-B04
1be20b096d066e4573d9dc7bcaa08b45,Bacteria,NA,NA,NA,NA,NA,NA
ab6ed5ad001454404a3c31dc506b596a,Bacteria,Proteobacteria,Gammaproteobacteria,Betaproteobacteriales,Neisseriaceae,Snodgrassella,uncultured beta proteobacterium
682c0d6103edfb7f8086761ed490ddf9,Bacteria,Firmicutes,Bacilli,Lactobacillales,Lactobacillaceae,Lactobacillus,Lactobacillus apis
ad57bcc00819fa6e0606b79cb7575fee,Bacteria,Proteobacteria,Gammaproteobacteria,Betaproteobacteriales,Neisseriaceae,Snodgrassella,NA
c770a5e3eea23ea004344372aca85ff7,Bacteria,Firmicutes,Bacilli,Lactobacillales,Lactobacillaceae,Lactobacillus,NA
189c6126e62c66a20298ed1b160255ab,Bacteria,Proteobacteria,Gammaproteobacteria,Oceanospirillales,Oleiphilaceae,Oleiphilus,uncultured bacterium
cdeb10212f8775b5791f06e23e27429b,Bacteria,Firmicutes,Bacilli,Lactobacillales,Lactobacillaceae,Lactobacillus,NA
d8b0913e23a032b6f4cd6d3a11c655c9,Bacteria,Actinobacteria,Actinobacteria,Corynebacteriales,Mycobacteriaceae,Mycobacterium,NA
2b73d2f868c3546012b27095671f34ac,Bacteria,Cyanobacteria,Oxyphotobacteria,Chloroplast,NA,NA,NA
603634ee08bc5111408384aea949b6d4,Bacteria,Firmicutes,Bacilli,Lactobacillales,Lactobacillaceae,Lactobacillus,NA
532de300e6cfa439baaca88692240fcf,Bacteria,Proteobacteria,Gammaproteobacteria,Orbales,Orbaceae,Gilliamella,NA
c07d54f967b10ef305874e06c7c29f61,Bacteria,Firmicutes,Bacilli,Lactobacillales,Lactobacillaceae,Lactobacillus,Lactobacillus helsingborgensis
bc0cac348021d6468a515b88975962bc,Bacteria,Proteobacteria,Deltaproteobacteria,Oligoflexales,Oligoflexaceae,uncultured,uncultured bacterium
88f23cc260224a03d15080c78bcf2ee3,Bacteria,Proteobacteria,Alphaproteobacteria,SAR11 clade,Clade I,Clade Ia,NA
3e8acd2cf86ed37705e670dae0e9f450,Bacteria,Firmicutes,Bacilli,Lactobacillales,Lactobacillaceae,Lactobacillus,Lactobacillus kunkeei
74dfbe275a1d616fc77931b000f9f426,Bacteria,Proteobacteria,Gammaproteobacteria,Betaproteobacteriales,Neisseriaceae,Snodgrassella,NA
c6eccad8b6fdc1cc17ef96f3f5286787,Bacteria,Firmicutes,Bacilli,Lactobacillales,Lactobacillaceae,Lactobacillus,NA
e8b3393ace4594ab9311cefb46263313,Bacteria,Proteobacteria,Gammaproteobacteria,Orbales,Orbaceae,Gilliamella,NA
8e232fa0c27ffe1ed41a7a5e01bc423d,Bacteria,Proteobacteria,Gammaproteobacteria,Betaproteobacteriales,Neisseriaceae,Snodgrassella,NA
e896db62f861f75e095debb90b5fb7bc,Bacteria,Firmicutes,Bacilli,Lactobacillales,Lactobacillaceae,Lactobacillus,NA
ab3555b9efc7e40629942b9d7cb5b5e7,Bacteria,Proteobacteria,Alphaproteobacteria,Sphingomonadales,Sphingomonadaceae,Sphingomonas,NA
431acb193bd7ac97410794ba8117d874,Bacteria,Proteobacteria,Gammaproteobacteria,Orbales,Orbaceae,Gilliamella,NA
cab9caf3823ec144197218d058595015,Bacteria,Proteobacteria,Alphaproteobacteria,Acetobacterales,Acetobacteraceae,Commensalibacter,Apis mellifera (honey bee)
440cfb820e1ca80cc509653acb3e96c7,Bacteria,Proteobacteria,Alphaproteobacteria,Acetobacterales,Acetobacteraceae,Commensalibacter,Apis mellifera (honey bee)
ae21fec25d366f0d2f31abd5b099b0c6,Bacteria,Proteobacteria,Alphaproteobacteria,Rhizobiales,Beijerinckiaceae,Bosea,NA
2490f6565fdf756cb8c25ad1cc56e16e,Bacteria,Proteobacteria,Gammaproteobacteria,Alteromonadales,Psychromonadaceae,Psychromonas,NA
e106faa74031a42b0fc38d831bff0f80,Bacteria,Proteobacteria,Gammaproteobacteria,Betaproteobacteriales,Neisseriaceae,Snodgrassella,uncultured beta proteobacterium
8c4cc770626a4d9232fcd96c453809f0,Bacteria,Proteobacteria,Alphaproteobacteria,Acetobacterales,Acetobacteraceae,Commensalibacter,Apis mellifera (honey bee)
a8e64be79f1c3b6f96adf203c66bfc10,Bacteria,Proteobacteria,Alphaproteobacteria,Rhizobiales,Xanthobacteraceae,Bradyrhizobium,NA
5b7a323bdb5e0ff756ef0bd05dff6eb7,Bacteria,Firmicutes,Bacilli,Lactobacillales,Lactobacillaceae,Lactobacillus,NA
23c050bc81c2271fb9d5a507aa5b081a,Bacteria,Proteobacteria,Gammaproteobacteria,Betaproteobacteriales,Neisseriaceae,Snodgrassella,uncultured beta proteobacterium
5fe1483b879ea7dbf824abaa7515a42f,Bacteria,Actinobacteria,Actinobacteria,Bifidobacteriales,Bifidobacteriaceae,Bifidobacterium,Bifidobacterium asteroides
de2c114df16caec48687295d815ba3e7,Archaea,Euryarchaeota,Thermoplasmata,Marine Group II,uncultured marine group II euryarchaeote HF70_59C08,uncultured marine group II euryarchaeote HF70_59C08,uncultured marine group II euryarchaeote HF70_59C08
de7030cb0047b5842951478039c6ef3b,Bacteria,Firmicutes,Bacilli,Lactobacillales,Lactobacillaceae,Lactobacillus,NA
82e12063857856906d1570ba9116d17c,Bacteria,Actinobacteria,Actinobacteria,Bifidobacteriales,Bifidobacteriaceae,Bifidobacterium,NA
0f4b857bcb287b66d6066da03595505a,Bacteria,Proteobacteria,Gammaproteobacteria,Orbales,Orbaceae,Gilliamella,NA
532ecc8832bba0d653e19c1d7eb7ff71,Bacteria,Firmicutes,Bacilli,Lactobacillales,Lactobacillaceae,Lactobacillus,Lactobacillus helsingborgensis
c877d94176b17db8cc9d8c2660923f61,Bacteria,Firmicutes,Bacilli,Lactobacillales,Lactobacillaceae,Lactobacillus,NA
f86d81dc1a88713831e091d0da042677,Bacteria,Firmicutes,Bacilli,Lactobacillales,Lactobacillaceae,Lactobacillus,Lactobacillus helsingborgensis
00283a85ec7203ba1b22d9327c529b0d,Bacteria,Proteobacteria,Alphaproteobacteria,Acetobacterales,Acetobacteraceae,Commensalibacter,Apis mellifera (honey bee)
f4349aeb69c1a7e98df2fdd654338fde,Bacteria,Firmicutes,Bacilli,Lactobacillales,Lactobacillaceae,Lactobacillus,NA
40aad19716d07de10c37540a2384feb8,Bacteria,Firmicutes,Bacilli,Lactobacillales,Lactobacillaceae,Lactobacillus,NA
128399a69ce80be64abbd3dd0a2eeacb,Bacteria,Cyanobacteria,Oxyphotobacteria,Chloroplast,uncultured prymnesiophyte C8704,uncultured prymnesiophyte C8704,uncultured prymnesiophyte C8704
a87a4a4c326df4350aa04f23acbfd10d,Bacteria,Firmicutes,Bacilli,Lactobacillales,Lactobacillaceae,Lactobacillus,NA
64599fc22dcc078da9f66ecdd61bb4e5,Bacteria,Proteobacteria,Gammaproteobacteria,Betaproteobacteriales,Neisseriaceae,Snodgrassella,uncultured beta proteobacterium
6e2f5ad3e648ee9e6199d95de9159155,Bacteria,Proteobacteria,Gammaproteobacteria,Cellvibrionales,Halieaceae,OM60(NOR5) clade,uncultured Haliea sp.
abac28302f9da2298542e28f7ff0d426,Bacteria,Firmicutes,Bacilli,Bacillales,Bacillaceae,Bacillus,Bacillus pseudofirmus
d1651aafd0153156af40f082a172d550,Bacteria,Proteobacteria,Gammaproteobacteria,Betaproteobacteriales,Neisseriaceae,Snodgrassella,uncultured beta proteobacterium
abd8f66b7cf2fdbcafd645822baaaad4,Bacteria,Firmicutes,Bacilli,Lactobacillales,Lactobacillaceae,Lactobacillus,NA
84b42e88d112a0186e5342cfe09dacc7,Bacteria,Proteobacteria,Gammaproteobacteria,Oceanospirillales,Halomonadaceae,Halomonas,NA
fd8fba92bd0f00653f506f94a74f6bfb,Bacteria,Proteobacteria,Gammaproteobacteria,Orbales,Orbaceae,Frischella,NA
0b926454785a43974c432788ba23af63,Bacteria,Proteobacteria,Gammaproteobacteria,Orbales,Orbaceae,Gilliamella,NA
ef0852e2fb25758bae4a609bda1842bc,Bacteria,Proteobacteria,Gammaproteobacteria,Betaproteobacteriales,Neisseriaceae,Snodgrassella,NA
fa8ebacffe8aa523eabb8b9f52298285,Bacteria,Bacteroidetes,Bacteroidia,Flavobacteriales,NS9 marine group,NA,NA
76a7c7c2c26569642c2efa6aa7a90f7f,Bacteria,Proteobacteria,Gammaproteobacteria,Pseudomonadales,Moraxellaceae,Acinetobacter,NA
cc40dc0452a531b9906758ae751cc6dd,Bacteria,Firmicutes,Bacilli,Lactobacillales,Lactobacillaceae,Lactobacillus,NA
2648d18374baea4920f0353d4586d8b0,Bacteria,Proteobacteria,Alphaproteobacteria,Acetobacterales,Acetobacteraceae,Bombella,NA
9b48c886b59abf9d8acc6f2b44bf2a38,Bacteria,Proteobacteria,Alphaproteobacteria,Rhizobiales,Beijerinckiaceae,1174-901-12,NA
4ed41048f7cc74afb907674086e9de04,Bacteria,Proteobacteria,Gammaproteobacteria,Orbales,Orbaceae,Gilliamella,NA
bd98a9b341c78fc18290067d8066e5de,Bacteria,Proteobacteria,Gammaproteobacteria,Betaproteobacteriales,Neisseriaceae,Snodgrassella,Snodgrassella alvi wkB2
563c71da001f6b39e86b2987e62a9aeb,Bacteria,Firmicutes,Bacilli,Lactobacillales,Lactobacillaceae,Lactobacillus,NA
f435fdfa0957646b99980a8f727caa81,Bacteria,Proteobacteria,Alphaproteobacteria,Acetobacterales,Acetobacteraceae,Bombella,NA
644bbd296f45acf8d29b901dbda2d0fe,Bacteria,Proteobacteria,Alphaproteobacteria,Acetobacterales,Acetobacteraceae,Bombella,NA
6c549caa49bd90b37fce39e25858dbbd,Bacteria,Proteobacteria,Gammaproteobacteria,Xanthomonadales,Xanthomonadaceae,Stenotrophomonas,NA
00a951b7c16d4fd928da2a35b840d87e,Bacteria,Firmicutes,Bacilli,Lactobacillales,Lactobacillaceae,Lactobacillus,Lactobacillus helsingborgensis
c36d87ea0e8e4eb54d9c3c749c05b891,Bacteria,Firmicutes,Bacilli,Lactobacillales,Lactobacillaceae,Lactobacillus,Lactobacillus apis
009905d80a804b6d88f478347d3ea40d,Bacteria,Proteobacteria,Gammaproteobacteria,Betaproteobacteriales,Neisseriaceae,Snodgrassella,uncultured beta proteobacterium
dff72afcf2adb9845184a9512308a8ce,Bacteria,Proteobacteria,Gammaproteobacteria,Enterobacteriales,Enterobacteriaceae,NA,NA
97a9afe441cd2408eff1834822d76d1f,Bacteria,Proteobacteria,Alphaproteobacteria,Rickettsiales,Mitochondria,NA,NA
f6e4eb9594e71e158dd528d6fb14c991,Bacteria,Proteobacteria,Alphaproteobacteria,Rhizobiales,Beijerinckiaceae,Methylobacterium,NA
9649474233943b8e6b95425489b0b75b,Bacteria,Firmicutes,Bacilli,Lactobacillales,Lactobacillaceae,Lactobacillus,NA
a981b83fd297393938a11f1c330403fe,Bacteria,Actinobacteria,Actinobacteria,Bifidobacteriales,Bifidobacteriaceae,Bifidobacterium,NA
b4e7cecffff6fcebf21aed5f31d4d5c6,Bacteria,Firmicutes,Bacilli,Bacillales,Planococcaceae,Lysinibacillus,NA
5b575ab7efd9e5325f47e5f93989b9d5,Bacteria,Proteobacteria,Alphaproteobacteria,Rickettsiales,Mitochondria,NA,NA
fd5689ec2eab84272804e749bc228311,Bacteria,Proteobacteria,Gammaproteobacteria,Betaproteobacteriales,Neisseriaceae,Snodgrassella,NA
075eb7247aed7fde7a9a756dc81f0882,Bacteria,Cyanobacteria,Oxyphotobacteria,Chloroplast,NA,NA,NA
2ec8856ffe49cc56e3c339eb67a7fd00,Bacteria,Actinobacteria,Actinobacteria,Bifidobacteriales,Bifidobacteriaceae,Bifidobacterium,NA
c8c23892960e4b0613087baec8385d4b,Bacteria,Proteobacteria,Alphaproteobacteria,Puniceispirillales,SAR116 clade,uncultured marine microorganism,uncultured marine microorganism
a8816d2b6bf10dc13dfd63d52bd2b74f,Bacteria,Firmicutes,Bacilli,Lactobacillales,Lactobacillaceae,Lactobacillus,Lactobacillus apis
e0c88d126489123b4345ce5f6f009cdd,Bacteria,Firmicutes,Bacilli,Lactobacillales,Lactobacillaceae,Lactobacillus,NA
162301000eb311a00ac261813a56373c,Bacteria,Proteobacteria,Alphaproteobacteria,Sphingomonadales,Sphingomonadaceae,Sphingobium,NA
ef9108e98dd799164e9c5e0c27f6ec73,Bacteria,Firmicutes,Bacilli,Lactobacillales,Lactobacillaceae,Lactobacillus,Lactobacillus helsingborgensis
15d6f067899db1b931268211579df936,Bacteria,Proteobacteria,Alphaproteobacteria,Caulobacterales,Caulobacteraceae,Brevundimonas,NA
f9e3adddc9e7f170d29274d9edc4b21f,Bacteria,Proteobacteria,Gammaproteobacteria,Oceanospirillales,Halomonadaceae,Halomonas,NA
37a14c1fe0fb9146a68f109ce17199cb,Bacteria,Proteobacteria,Alphaproteobacteria,Rhizobiales,Rhizobiaceae,Allorhizobium-Neorhizobium-Pararhizobium-Rhizobium,NA
e4b1dbc58203a98c101f405b0c1adb30,Bacteria,Firmicutes,Bacilli,Lactobacillales,Lactobacillaceae,Lactobacillus,Lactobacillus kunkeei
8aa8b3d6c6bc0654a18aa1901d70ad51,Bacteria,Proteobacteria,Gammaproteobacteria,Betaproteobacteriales,Burkholderiaceae,Acidovorax,NA
d43cf322f53927010f0cb0e0f079b100,Bacteria,Proteobacteria,Gammaproteobacteria,Enterobacteriales,Enterobacteriaceae,Enterobacter,NA
44eaa65110e271e553578a618af02f09,Bacteria,Actinobacteria,Actinobacteria,Propionibacteriales,Propionibacteriaceae,Cutibacterium,NA
71cba26264ef12f29965c50fa5f5223e,Bacteria,Firmicutes,Bacilli,Lactobacillales,Lactobacillaceae,Lactobacillus,NA
1743a64d7fdeba5d6872834f4cd346f5,Bacteria,Firmicutes,Bacilli,Lactobacillales,Lactobacillaceae,Lactobacillus,NA
e022d4097c3cef8654b72ca73b80346e,Bacteria,Proteobacteria,Gammaproteobacteria,Betaproteobacteriales,Neisseriaceae,Snodgrassella,NA
325d07503e2a2134aecd8215d7f6ec87,Bacteria,NA,NA,NA,NA,NA,NA
4295c4ec187641d5b80817a2a67daefa,Bacteria,Bacteroidetes,Bacteroidia,Flavobacteriales,Flavobacteriaceae,NS5 marine group,uncultured Flavobacteriaceae bacterium
a8aaa2e3c8eb78796d324ba8c3edc27e,Bacteria,Actinobacteria,Actinobacteria,Bifidobacteriales,Bifidobacteriaceae,Bifidobacterium,NA
3799c21e7443b49625436569eaf78416,Bacteria,Proteobacteria,Gammaproteobacteria,Betaproteobacteriales,Neisseriaceae,Snodgrassella,NA
5bf3a26feb4417bb2e69f0d49f1ca108,Bacteria,Actinobacteria,Actinobacteria,Bifidobacteriales,Bifidobacteriaceae,Bifidobacterium,NA
788fb4f419b316765f1861b318d684f3,Bacteria,Proteobacteria,Gammaproteobacteria,Pseudomonadales,Pseudomonadaceae,Pseudomonas,NA
4e7cafec35ba4168302dd02cb3505fd1,Bacteria,Firmicutes,Bacilli,Lactobacillales,Lactobacillaceae,Lactobacillus,NA
57339dc360146f9499bf125f0b680ea6,Bacteria,Proteobacteria,Gammaproteobacteria,Orbales,Orbaceae,Frischella,uncultured gamma proteobacterium
4541aff5aebc03d23c063239907837f4,Bacteria,Proteobacteria,Gammaproteobacteria,Betaproteobacteriales,Burkholderiaceae,Hydrogenophaga,NA
747e1cc958c419c7646a6aa935ae9704,Bacteria,Firmicutes,Bacilli,Lactobacillales,Lactobacillaceae,Lactobacillus,NA
67bc130dbdc5ddc23db26d12391a174d,Bacteria,Firmicutes,Bacilli,Lactobacillales,Lactobacillaceae,Lactobacillus,Lactobacillus kunkeei
e70949c4904d48160f0ae701ea7ef474,Bacteria,Firmicutes,Bacilli,Bacillales,Bacillaceae,Bacillus,NA
34ede2fe1c65bbce6b4cbba4ea102abf,Bacteria,Proteobacteria,Alphaproteobacteria,Rhizobiales,Rhizobiaceae,Allorhizobium-Neorhizobium-Pararhizobium-Rhizobium,NA
64300e326205d972f548906b92d1b880,Bacteria,Proteobacteria,Alphaproteobacteria,Acetobacterales,Acetobacteraceae,Commensalibacter,uncultured Gluconacetobacter sp.
37ff21bbf3bc769b7f320a8d6c2a7c7c,Bacteria,Proteobacteria,Gammaproteobacteria,Gammaproteobacteria Incertae Sedis,Unknown Family,Acidibacter,NA
ec6df9227e22644e1d21adbd8b13d6dd,Bacteria,Firmicutes,Bacilli,Lactobacillales,Lactobacillaceae,Lactobacillus,NA
b5f7b73a44f5b683935bf763611adf51,Bacteria,Firmicutes,Bacilli,Lactobacillales,Lactobacillaceae,Lactobacillus,Lactobacillus helsingborgensis
d824c5400418c742ad0795f36e625cb6,Bacteria,Firmicutes,Bacilli,Lactobacillales,Lactobacillaceae,Lactobacillus,Lactobacillus kullabergensis
1e56c887bf0b5b4a822dd9b07136ddd6,Bacteria,Firmicutes,Bacilli,Lactobacillales,Lactobacillaceae,Lactobacillus,NA
9bcb0dc9fab9df55470b67df3785a62a,Bacteria,NA,NA,NA,NA,NA,NA
087097e7ff8b5481526b5726c0070203,Bacteria,Firmicutes,Bacilli,Lactobacillales,Lactobacillaceae,Lactobacillus,Lactobacillus helsingborgensis
d4f64b5730fe61964d257a7f7167954f,Bacteria,Firmicutes,Bacilli,Lactobacillales,Lactobacillaceae,Lactobacillus,NA
986bd0df0eb0168fb4999509220ee8ac,Bacteria,Proteobacteria,Gammaproteobacteria,Betaproteobacteriales,Neisseriaceae,Snodgrassella,NA
b2a6802fb8193df438ce9c27b3e7c458,Bacteria,Firmicutes,Bacilli,Lactobacillales,Lactobacillaceae,Lactobacillus,Lactobacillus apis
2f5e99805671ad8c4df5637597467131,Bacteria,Firmicutes,Bacilli,Lactobacillales,Lactobacillaceae,Lactobacillus,NA
4d49c4cf821528ca47ca55ae3fd25aa0,Bacteria,Proteobacteria,Gammaproteobacteria,Betaproteobacteriales,Neisseriaceae,Snodgrassella,NA
9a09b5b92ffdb80e95b5da4083e34371,Bacteria,Proteobacteria,Gammaproteobacteria,Pseudomonadales,Pseudomonadaceae,Pseudomonas,NA
72a61623709af5ceec72ea3506102176,Bacteria,Patescibacteria,Parcubacteria,Candidatus Kaiserbacteria,metagenome,metagenome,metagenome
0b06ce555ab7d2c2ac01dc16c49ddb0a,Bacteria,Proteobacteria,Gammaproteobacteria,Orbales,Orbaceae,Gilliamella,NA
85fbb6f2e5eb2ce6dea61cb5dec7da0a,Bacteria,Actinobacteria,Actinobacteria,Bifidobacteriales,Bifidobacteriaceae,Bifidobacterium,NA
d5a41a8915594e65462a11d078c62980,Bacteria,Proteobacteria,Gammaproteobacteria,Pseudomonadales,Moraxellaceae,Enhydrobacter,NA
b5421b9e74a522a576a299718ac21ac3,Bacteria,Proteobacteria,Gammaproteobacteria,Orbales,Orbaceae,Gilliamella,NA
50b2d464913a1a217012ab96224c0866,Bacteria,Actinobacteria,Actinobacteria,Bifidobacteriales,Bifidobacteriaceae,Bifidobacterium,NA
69d2a1b38f69318dbab92c9114d4544e,Bacteria,Firmicutes,Bacilli,Lactobacillales,Lactobacillaceae,Lactobacillus,NA
cd0d78573750e4a47eb2936722fd616d,Bacteria,Firmicutes,Bacilli,Lactobacillales,Lactobacillaceae,Lactobacillus,Lactobacillus apis
6c1fc193bbc00d572b4c6d0bcf160841,Bacteria,Firmicutes,Bacilli,Lactobacillales,Lactobacillaceae,Lactobacillus,NA
3992be75cccdc31c33cc4031ce5ffc10,Bacteria,Proteobacteria,Gammaproteobacteria,Enterobacteriales,Enterobacteriaceae,Cronobacter,NA
93000efb9fe979efab563be3b0a9949f,Bacteria,Proteobacteria,Alphaproteobacteria,Acetobacterales,Acetobacteraceae,Commensalibacter,uncultured Gluconacetobacter sp.
7dea5b87b6c830b41aa1beb138a56186,Bacteria,Actinobacteria,Actinobacteria,Bifidobacteriales,Bifidobacteriaceae,Bifidobacterium,NA
5b16efb7ed00d11062b14f7f698a2347,Bacteria,Actinobacteria,Actinobacteria,Bifidobacteriales,Bifidobacteriaceae,Bifidobacterium,NA
713e11e939e7b50741b39ec01ceab4c5,Bacteria,Firmicutes,Bacilli,Lactobacillales,Lactobacillaceae,Lactobacillus,NA
04cd8eca2a22b026d989af73bbb720cf,Bacteria,Proteobacteria,Alphaproteobacteria,Acetobacterales,Acetobacteraceae,Commensalibacter,uncultured Gluconacetobacter sp.
a98a2ea929138f5a4c2db9fde02b3bf9,Bacteria,Firmicutes,Bacilli,Bacillales,Bacillaceae,Bacillus,NA
884a3e2342d212e2e86776162d4339ed,Bacteria,Proteobacteria,Gammaproteobacteria,Betaproteobacteriales,Neisseriaceae,Snodgrassella,uncultured beta proteobacterium
